Bedrooms,Bathrooms,Area_sqft,Location,Floors,YearBuilt,Parking,NearbyFacilities,HouseType,LotSize,Condition,DistanceToCity,Amenities,Price
2,4,3041,Madurai,4,2005,0,School,Villa,4007,Old,16km,Lift,9018987
2,2,3166,Trichy,4,2002,2,Mall,Independent,4431,Renovated,14km,Gym,10548576
2,4,3904,Vellore,2,2012,3,School,Independent,1609,Renovated,16km,Pool,12905728
1,4,1289,Coimbatore,2,2001,1,Market,Independent,4772,Renovated,1km,Lift,4280358
1,3,2367,Trichy,1,2014,0,Market,Independent,2967,New,18km,Lift,6919042
5,1,3463,Vellore,1,2017,2,Mall,Independent,637,Renovated,20km,Security,11383792
2,4,632,Madurai,2,1995,2,Hospital,Villa,3572,Old,20km,Security,1779671
5,1,1207,Chennai,2,2007,0,Market,Apartment,2955,New,18km,Garden,3194426
5,4,1184,Chennai,1,2017,2,College,Apartment,2992,Old,4km,Garden,2475966
5,4,2250,Chennai,3,2008,1,School,Apartment,2716,Renovated,11km,Pool,6066448
1,1,2167,Trichy,1,1999,2,College,Apartment,1791,Old,12km,Security,4645351
4,1,2508,Salem,2,2004,3,Hospital,Apartment,1518,New,6km,Security,6325431
3,4,2468,Erode,3,2018,3,School,Independent,3351,Renovated,3km,Lift,8129107
3,1,2181,Vellore,4,2000,2,Hospital,Independent,3225,Old,18km,Garden,5577053
2,3,1637,Trichy,3,2000,1,Hospital,Villa,4910,Old,8km,Lift,4961351
5,1,3970,Salem,4,2008,2,Hospital,Independent,1045,New,15km,Security,11832075
1,4,3019,Coimbatore,2,2017,0,College,Apartment,3471,Old,4km,Garden,6443459
4,1,878,Madurai,1,2022,3,School,Independent,1924,Old,6km,Garden,2161231
2,1,1951,Salem,1,2020,0,College,Independent,2385,New,9km,Garden,5783709
5,4,3093,Coimbatore,4,2021,2,Market,Independent,1170,Renovated,7km,Lift,10131230
4,1,642,Trichy,3,2017,2,Hospital,Villa,2195,Renovated,16km,Garden,2581760
3,2,2687,Vellore,2,1996,1,Hospital,Apartment,1053,Renovated,20km,Lift,7210463
3,1,3350,Vellore,3,1995,0,Market,Apartment,3477,New,9km,Gym,8307465
4,4,898,Coimbatore,3,2023,3,Hospital,Apartment,3379,Old,4km,Pool,1805397
5,4,984,Chennai,2,2001,0,Hospital,Apartment,2859,Old,18km,Lift,1992913
3,3,1382,Madurai,2,2002,0,School,Independent,3412,Old,16km,Garden,3425711
2,1,708,Salem,2,2020,3,Mall,Apartment,2810,Renovated,20km,Lift,2123667
1,3,2844,Erode,3,2005,0,Mall,Independent,4069,New,20km,Pool,8414884
4,2,3798,Madurai,2,2018,2,School,Independent,899,New,15km,Lift,11344058
2,1,3601,Coimbatore,1,2008,1,Mall,Apartment,887,New,17km,Gym,9165085
2,1,863,Chennai,1,2002,1,Market,Villa,1129,New,20km,Garden,2978207
3,4,881,Madurai,3,2011,3,Market,Apartment,4493,Old,16km,Garden,1784093
4,2,3365,Vellore,3,2013,0,College,Independent,3677,New,17km,Gym,9988116
5,2,691,Vellore,4,2003,1,Market,Apartment,4477,Renovated,11km,Pool,1939848
4,1,2627,Chennai,3,2012,3,College,Villa,3291,Old,18km,Pool,7688262
1,2,1173,Erode,1,2004,1,Market,Apartment,1938,New,20km,Gym,3084828
5,4,1627,Madurai,1,2005,3,Market,Independent,505,Renovated,10km,Lift,5222450
1,3,1507,Trichy,3,1995,3,Market,Independent,4307,New,7km,Security,4714402
5,4,2611,Salem,4,1995,0,Mall,Apartment,3250,Renovated,18km,Lift,7009621
3,1,3348,Vellore,3,1997,3,Mall,Independent,3792,Renovated,13km,Lift,10954435
5,4,1248,Madurai,3,2005,0,College,Villa,4598,New,4km,Pool,4270227
5,3,2027,Erode,2,2007,1,Market,Villa,1018,Renovated,12km,Lift,7617418
5,2,1977,Madurai,3,2009,3,Hospital,Independent,3901,Renovated,9km,Pool,6517570
1,4,3810,Madurai,1,2000,0,Market,Apartment,3503,New,1km,Garden,9338114
3,4,1666,Salem,2,2016,1,College,Apartment,1030,Renovated,1km,Pool,4765427
2,4,2298,Erode,1,2005,2,School,Villa,1558,Renovated,9km,Gym,8930627
2,2,651,Coimbatore,4,2022,2,Hospital,Villa,4296,Old,9km,Gym,1798785
3,4,877,Chennai,2,1996,0,School,Independent,2771,Old,2km,Security,2315763
1,1,2967,Madurai,4,2020,0,Market,Apartment,3743,New,10km,Lift,7445847
1,1,2275,Erode,1,2003,0,Hospital,Apartment,2859,Renovated,11km,Lift,6185022
3,1,3889,Trichy,3,1997,0,School,Independent,4509,New,9km,Security,11683930
5,4,1334,Coimbatore,3,2003,1,Mall,Villa,1027,New,3km,Security,4696835
4,3,3684,Vellore,2,2006,1,Market,Villa,2806,Renovated,14km,Pool,14044968
5,2,3523,Trichy,1,2013,1,Hospital,Independent,3304,New,20km,Pool,10701441
2,1,2176,Coimbatore,3,2023,3,Hospital,Villa,1999,New,18km,Security,7644549
4,1,840,Chennai,1,2019,0,Mall,Villa,2379,New,20km,Pool,2992334
4,1,2415,Salem,3,2009,2,School,Apartment,2604,New,1km,Garden,5970567
5,4,3822,Madurai,2,2004,2,Mall,Apartment,1355,Renovated,10km,Gym,10528896
5,1,3376,Erode,1,2019,1,School,Independent,3179,Old,17km,Lift,8679241
3,2,797,Madurai,4,2014,2,Market,Villa,1081,Renovated,11km,Pool,3026448
1,3,1370,Vellore,4,2003,2,Market,Independent,4097,Old,8km,Lift,3614862
3,2,3197,Trichy,4,2005,1,Market,Independent,944,Old,17km,Gym,8273566
1,1,2176,Chennai,3,2017,1,Mall,Independent,585,Renovated,12km,Gym,6983800
3,2,747,Coimbatore,3,2010,3,School,Independent,526,Old,1km,Lift,1874013
4,1,3009,Vellore,1,1996,0,School,Independent,4238,New,6km,Security,8968315
5,1,3850,Salem,4,2000,1,School,Villa,999,New,9km,Security,13545879
2,3,2073,Madurai,3,2023,0,School,Villa,1008,Old,9km,Security,6326861
4,1,3957,Vellore,3,2019,0,Hospital,Apartment,816,Old,16km,Garden,8514542
5,4,2544,Salem,1,2012,1,School,Villa,3976,Renovated,18km,Garden,9976096
5,3,1242,Trichy,2,2021,2,College,Apartment,4459,New,19km,Security,3270776
3,2,2073,Coimbatore,3,2014,3,Hospital,Independent,3364,Renovated,7km,Security,6733034
1,2,783,Chennai,4,2011,1,School,Independent,1904,Old,10km,Security,1881238
4,3,3274,Trichy,3,2011,1,Market,Apartment,2644,Renovated,4km,Gym,8930215
2,4,3398,Chennai,1,2003,1,Hospital,Villa,2441,Old,7km,Gym,10047956
4,3,2143,Coimbatore,1,2000,2,College,Apartment,701,New,4km,Security,5371120
1,3,1807,Vellore,1,2009,3,College,Apartment,3766,Renovated,1km,Lift,5092676
5,3,1573,Coimbatore,4,2019,2,Market,Independent,689,New,10km,Garden,4697784
1,1,3479,Madurai,3,1997,2,Mall,Apartment,507,Renovated,15km,Garden,9669630
1,1,2024,Coimbatore,2,2006,1,College,Villa,4961,New,7km,Security,7229733
2,1,2331,Chennai,2,2009,1,Mall,Villa,3960,Renovated,14km,Gym,8860422
4,1,2680,Trichy,3,1999,2,Market,Apartment,867,New,13km,Pool,6603882
2,1,2994,Salem,4,1996,0,School,Apartment,3344,New,14km,Lift,7565163
4,1,800,Salem,1,2018,2,College,Independent,3239,Renovated,1km,Pool,2504154
2,2,3830,Erode,1,1995,0,College,Independent,4651,Renovated,16km,Garden,12735926
2,1,2678,Coimbatore,2,1999,0,Mall,Villa,3065,Renovated,16km,Security,10406605
4,4,921,Chennai,4,1995,1,Market,Independent,1390,New,2km,Gym,2706053
2,3,935,Coimbatore,2,2014,2,Mall,Villa,2391,New,1km,Gym,3403807
4,1,3561,Vellore,1,2002,1,Mall,Apartment,3044,New,6km,Gym,8876552
5,1,3937,Coimbatore,1,2022,1,Mall,Apartment,3902,New,6km,Pool,9842362
3,3,3350,Chennai,4,2020,1,College,Independent,4458,Old,16km,Lift,8460374
4,2,996,Madurai,4,1998,3,School,Apartment,937,Renovated,19km,Lift,2702696
5,3,2231,Madurai,4,2010,2,College,Villa,1169,Renovated,15km,Security,8759413
5,1,3592,Chennai,4,2023,0,Market,Apartment,2755,Old,9km,Gym,7498238
4,3,3808,Erode,4,2007,1,College,Villa,2941,Renovated,10km,Security,14478342
1,4,2476,Coimbatore,1,2002,3,Market,Villa,2331,New,6km,Gym,8502976
3,3,3459,Madurai,2,2015,2,School,Villa,4626,New,6km,Gym,11969145
5,2,1691,Madurai,1,1999,1,Mall,Apartment,964,Renovated,4km,Gym,4762166
5,4,1153,Coimbatore,3,2011,1,School,Villa,1947,Old,18km,Gym,3548417
5,4,1144,Erode,3,2001,1,College,Independent,4636,New,16km,Security,3516907
3,1,3711,Coimbatore,4,1996,2,Mall,Independent,4056,New,10km,Security,11247356
1,4,661,Coimbatore,2,2016,3,Hospital,Villa,2802,Old,6km,Lift,1982817
4,4,2460,Chennai,1,2008,0,Mall,Independent,4659,Renovated,7km,Garden,8152688
2,3,3870,Salem,2,2007,3,Market,Villa,3292,Old,2km,Lift,11347477
5,2,2271,Chennai,2,2012,3,Hospital,Independent,841,Old,10km,Security,5737812
1,3,3036,Trichy,4,2011,2,Hospital,Independent,4112,New,10km,Pool,9138690
4,4,1832,Erode,3,2000,1,Market,Villa,2916,Renovated,6km,Gym,6946944
2,3,3984,Madurai,4,2023,0,Mall,Villa,1374,New,13km,Security,14098228
5,1,2378,Erode,1,2013,2,School,Independent,1959,Old,4km,Security,6048156
5,3,3274,Trichy,1,1996,2,School,Independent,3832,Old,3km,Gym,8370965
2,3,2134,Erode,1,2015,2,Hospital,Villa,4710,Old,18km,Gym,6363225
4,2,3856,Madurai,3,1996,0,College,Independent,4503,New,8km,Pool,11729462
5,1,2282,Coimbatore,1,2015,1,Market,Apartment,3246,New,2km,Garden,5740612
2,1,1516,Madurai,1,2014,0,Market,Villa,3790,New,16km,Security,5443597
1,4,2251,Madurai,3,1999,2,Mall,Apartment,1171,New,16km,Gym,5809737
3,3,1592,Salem,4,2003,1,Hospital,Villa,2312,Old,1km,Lift,4830989
1,1,3620,Erode,4,2018,0,Hospital,Apartment,2063,Renovated,6km,Garden,9926403
4,1,1894,Chennai,1,1998,3,School,Apartment,3832,Old,17km,Lift,3989064
3,1,3338,Chennai,2,2014,0,School,Apartment,2161,New,20km,Security,8165022
4,1,1119,Chennai,2,2022,2,College,Independent,4722,New,5km,Security,3290407
1,3,720,Coimbatore,4,1998,2,Hospital,Independent,1185,New,7km,Pool,1992932
1,2,1893,Salem,4,1999,3,College,Apartment,4784,Old,20km,Garden,4144974
3,2,3080,Erode,3,1995,1,College,Villa,1805,New,8km,Security,10872266
2,2,3454,Erode,2,2021,0,Mall,Villa,3132,Renovated,15km,Security,13280071
2,1,3760,Coimbatore,2,2002,3,College,Villa,2618,Renovated,8km,Garden,14411792
3,3,3743,Coimbatore,2,2006,2,Mall,Independent,4765,Old,12km,Pool,9585510
4,1,2487,Chennai,4,1999,2,Market,Villa,3917,Renovated,20km,Gym,9403830
1,4,3713,Coimbatore,4,2015,2,Hospital,Independent,3515,Old,1km,Garden,9277181
5,1,1047,Trichy,1,2015,1,Market,Villa,2863,Renovated,6km,Pool,3862786
5,2,1148,Erode,3,2021,2,College,Apartment,969,Renovated,20km,Lift,3170840
2,4,611,Coimbatore,2,2015,2,College,Independent,3088,Old,13km,Lift,1641520
4,3,2929,Vellore,3,2007,2,Market,Independent,2655,Renovated,6km,Garden,9719392
5,3,955,Salem,4,2020,0,Hospital,Villa,1402,New,2km,Gym,3330283
2,2,2517,Madurai,3,2014,3,Mall,Villa,2478,New,13km,Lift,8660109
3,4,1106,Coimbatore,3,2002,0,Hospital,Independent,2730,New,1km,Garden,3417779
1,1,973,Chennai,2,2011,0,School,Apartment,3612,New,19km,Lift,2272220
5,3,2093,Salem,3,2001,1,College,Independent,2664,New,9km,Security,6280482
5,3,1043,Salem,1,2022,2,School,Independent,4256,Old,1km,Pool,2682275
2,3,1251,Chennai,1,1999,0,Hospital,Independent,2274,New,13km,Lift,3722127
1,3,2857,Coimbatore,1,1997,2,College,Independent,2784,Renovated,11km,Gym,9237042
4,4,1630,Erode,1,2000,2,Hospital,Villa,688,Old,4km,Garden,4980886
4,4,2179,Coimbatore,4,1999,3,Market,Independent,4160,Renovated,7km,Pool,7319088
1,1,3864,Coimbatore,4,1997,0,College,Apartment,2207,Old,7km,Security,8298741
5,4,1102,Coimbatore,2,1998,1,Mall,Villa,3080,New,5km,Gym,3846753
5,2,648,Trichy,1,2001,2,Market,Independent,702,New,2km,Lift,1954140
2,3,2955,Vellore,4,1995,0,Hospital,Independent,3911,New,7km,Gym,8926505
1,4,2241,Salem,2,2023,2,Mall,Independent,2774,Renovated,19km,Pool,7472751
2,3,1099,Trichy,3,2009,2,College,Villa,3232,New,6km,Gym,3728148
1,3,3810,Erode,3,2013,2,Mall,Apartment,1167,Renovated,20km,Pool,10574289
3,3,1046,Salem,1,2005,0,Hospital,Independent,3224,New,15km,Gym,3144377
2,2,1641,Salem,4,2018,2,Mall,Villa,1058,Renovated,12km,Lift,6337695
2,1,2864,Vellore,1,2003,0,Mall,Independent,1010,Old,3km,Garden,7346701
4,4,2254,Chennai,2,2011,3,College,Apartment,4070,Renovated,1km,Lift,6226751
4,1,969,Erode,1,2016,0,Hospital,Independent,1886,New,19km,Lift,2797349
3,2,1222,Erode,4,2012,1,Mall,Apartment,4910,Old,4km,Lift,2578460
2,1,2508,Chennai,1,2006,3,Market,Independent,4281,New,13km,Garden,7681331
5,2,2115,Madurai,1,2011,0,College,Villa,647,New,10km,Security,7358521
3,4,1711,Coimbatore,4,2012,1,Hospital,Independent,3650,Renovated,10km,Gym,5513253
1,4,658,Chennai,3,2023,3,College,Independent,4923,Old,15km,Security,1555970
3,2,1828,Erode,2,2006,1,Mall,Villa,2309,Old,3km,Pool,5421354
3,1,3490,Salem,4,2010,2,School,Independent,940,New,12km,Pool,10631207
5,1,2080,Salem,3,2013,0,College,Apartment,4062,Renovated,2km,Gym,5852295
3,2,3195,Madurai,2,2013,2,Market,Villa,3781,New,15km,Security,11290057
4,1,1486,Erode,3,2007,0,School,Independent,1457,Old,18km,Garden,3908052
5,4,1026,Erode,2,2018,2,College,Villa,3499,Renovated,1km,Garden,4135053
3,1,3875,Chennai,3,2008,0,Market,Villa,2788,Old,12km,Gym,11650777
2,1,2095,Madurai,3,1999,2,Market,Apartment,656,Renovated,8km,Security,5571971
4,1,2704,Trichy,1,2005,0,Hospital,Apartment,1251,Old,2km,Pool,5771314
2,1,750,Vellore,4,1998,2,Mall,Villa,3070,Old,12km,Gym,2083581
1,4,1370,Madurai,1,2008,1,School,Independent,1141,Old,4km,Gym,3669855
3,2,2813,Erode,3,2009,3,Hospital,Villa,2954,New,4km,Gym,9723043
4,2,1526,Vellore,2,2000,0,Mall,Apartment,3153,New,5km,Security,3798866
1,2,3254,Chennai,1,2009,1,Mall,Apartment,1239,Renovated,12km,Security,8812890
3,4,2077,Erode,1,2015,3,Hospital,Independent,4779,New,4km,Security,6267554
5,2,3771,Madurai,4,2020,0,College,Independent,1185,New,11km,Security,11384079
4,4,1224,Erode,2,2005,3,School,Villa,626,Old,19km,Gym,3650287
5,1,3856,Erode,2,2009,2,School,Independent,2215,Old,16km,Gym,9816109
4,2,3498,Vellore,2,2005,2,College,Villa,1107,Renovated,2km,Gym,13400458
3,1,1058,Chennai,2,2021,3,Mall,Villa,3478,New,4km,Pool,3784199
2,3,3512,Salem,3,2016,3,College,Independent,3119,Old,7km,Security,9048827
1,4,3157,Coimbatore,4,1998,0,Mall,Independent,3465,New,6km,Garden,9319404
4,1,2312,Erode,3,2015,3,College,Villa,4937,Renovated,16km,Pool,9025665
2,1,3018,Salem,2,1996,3,School,Villa,4614,Renovated,14km,Security,11569722
4,2,1544,Coimbatore,4,2018,2,School,Independent,1029,Renovated,6km,Gym,5046266
2,3,2469,Madurai,3,2018,1,College,Independent,723,Renovated,5km,Lift,8180028
5,2,3970,Madurai,1,2021,0,Hospital,Villa,3192,Renovated,18km,Security,15302732
4,3,751,Chennai,4,2000,1,College,Independent,3362,Old,9km,Gym,2038218
3,4,3967,Vellore,3,2019,1,Market,Villa,3155,Renovated,19km,Lift,15274970
5,3,1333,Madurai,2,2002,1,Market,Independent,4609,Old,4km,Garden,3564111
3,1,2662,Coimbatore,3,2002,1,School,Villa,703,Renovated,11km,Pool,10050073
3,3,740,Coimbatore,1,2010,1,Market,Independent,3949,Renovated,3km,Lift,2572914
3,3,3957,Salem,4,1995,0,College,Independent,2180,New,17km,Pool,11739934
3,3,2431,Chennai,4,2012,2,Market,Villa,3536,Renovated,13km,Garden,9336286
4,1,3414,Vellore,1,2015,2,Market,Independent,2807,Old,17km,Pool,8692228
5,2,3225,Erode,3,2001,0,College,Apartment,3412,New,10km,Security,8227645
4,2,1307,Erode,3,2010,3,Market,Villa,3897,Old,18km,Lift,4050949
5,4,2225,Erode,2,2009,1,Mall,Independent,2172,Old,1km,Gym,5608284
5,3,3305,Erode,2,1998,2,College,Independent,4113,New,2km,Garden,9997602
2,2,2762,Salem,1,2023,0,School,Apartment,3149,Old,6km,Pool,5952976
5,1,1948,Trichy,2,2003,3,School,Independent,2617,Renovated,9km,Garden,6578120
3,2,3760,Trichy,4,2001,1,College,Villa,2487,Renovated,8km,Pool,14674362
3,4,1024,Coimbatore,2,2004,3,Market,Villa,860,Old,15km,Gym,3029141
1,3,2731,Madurai,4,2021,2,Hospital,Independent,3476,New,7km,Pool,8390426
3,4,3147,Erode,4,1997,3,School,Villa,1003,Old,1km,Lift,9350513
4,3,2906,Vellore,2,1995,2,Hospital,Independent,3180,Old,5km,Gym,7427467
5,1,2055,Vellore,2,2016,1,Hospital,Apartment,1415,Old,7km,Security,4532979
4,2,739,Salem,2,2020,3,Hospital,Apartment,4907,Old,15km,Garden,1655294
4,2,3975,Vellore,3,2008,2,College,Independent,3372,Renovated,9km,Gym,13001452
5,2,1236,Madurai,4,1996,0,Hospital,Villa,707,Renovated,9km,Security,4951879
1,3,3301,Erode,3,2008,3,Market,Villa,3384,Renovated,9km,Garden,12657061
5,4,3442,Madurai,3,1999,0,Mall,Apartment,1400,Old,17km,Lift,7450657
3,3,1627,Trichy,3,1999,0,Hospital,Independent,2765,Old,1km,Pool,4280939
4,3,2498,Vellore,2,2019,1,School,Independent,2784,Old,19km,Lift,6383718
5,1,1154,Madurai,2,2018,2,School,Apartment,2754,New,11km,Garden,3000900
2,1,1246,Salem,2,2016,2,Mall,Apartment,628,Renovated,8km,Pool,3333862
3,3,2627,Trichy,4,1996,3,College,Apartment,2208,Renovated,3km,Lift,7238040
3,1,2576,Trichy,4,2000,3,School,Independent,4388,New,18km,Gym,7553484
5,4,3366,Erode,1,2006,2,Hospital,Independent,689,New,1km,Pool,10208091
1,2,3982,Coimbatore,3,1995,1,Market,Villa,4496,Old,18km,Lift,11872155
4,3,3577,Trichy,2,2005,0,Market,Apartment,3266,Old,7km,Lift,7592986
1,1,1007,Erode,3,2003,0,College,Independent,3812,New,19km,Pool,2837584
5,1,962,Coimbatore,1,2018,2,Hospital,Villa,3608,New,12km,Security,3238515
5,4,2642,Trichy,1,2018,0,Mall,Villa,837,Old,2km,Security,7877146
1,3,2175,Vellore,2,2017,1,Mall,Villa,795,New,13km,Security,7788368
3,3,3618,Trichy,4,2010,2,Hospital,Villa,2256,New,2km,Gym,12670226
1,1,915,Salem,1,2000,2,College,Villa,3987,Old,9km,Pool,2900320
3,2,803,Chennai,2,2022,1,College,Apartment,3032,Renovated,6km,Garden,2116170
3,1,601,Salem,2,2007,0,College,Independent,1032,Renovated,2km,Pool,2003915
1,1,1239,Madurai,3,2004,0,Hospital,Independent,1788,Renovated,17km,Security,4061947
1,4,2262,Madurai,4,1999,2,Mall,Villa,2323,Old,15km,Garden,6885898
4,1,1777,Erode,1,2014,0,Mall,Villa,4146,Renovated,20km,Security,6747198
4,1,2057,Erode,4,2013,0,College,Villa,3018,New,7km,Lift,7309323
2,4,1758,Coimbatore,3,2013,0,Mall,Villa,3512,Old,17km,Garden,5373222
3,3,3694,Madurai,4,2013,3,College,Villa,2765,Old,20km,Garden,11136403
2,2,2763,Madurai,3,1995,1,College,Independent,768,Renovated,20km,Gym,9292012
3,4,3161,Erode,1,1999,3,College,Independent,645,Old,18km,Gym,8109573
4,3,3933,Vellore,3,2019,1,Hospital,Apartment,1719,New,1km,Gym,9765363
5,2,2723,Coimbatore,2,2006,0,Market,Villa,4396,Old,2km,Lift,7978865
5,3,2191,Madurai,2,2005,0,School,Villa,4308,Old,13km,Security,6501414
4,1,1235,Coimbatore,3,2023,0,Hospital,Apartment,937,New,1km,Security,3280796
5,4,2005,Vellore,2,2002,0,School,Apartment,2601,New,13km,Garden,5055616
5,3,2135,Trichy,2,2003,1,College,Villa,3079,New,19km,Lift,7578214
1,4,2632,Vellore,1,2006,2,College,Independent,1880,New,19km,Garden,8027307
5,1,1686,Coimbatore,1,2010,2,School,Independent,557,Old,9km,Gym,4206729
5,4,3587,Coimbatore,4,2001,0,Market,Independent,2400,New,18km,Lift,10924157
1,4,2952,Chennai,1,2010,3,Hospital,Villa,4337,Old,13km,Security,8935483
3,4,1010,Trichy,3,2013,2,College,Villa,4253,Old,10km,Gym,3115509
3,2,1282,Erode,4,2020,0,Mall,Independent,3051,Renovated,1km,Gym,4355987
5,3,2902,Chennai,2,2000,2,College,Villa,3569,Old,10km,Gym,8785336
1,2,1586,Chennai,4,2006,1,College,Independent,2428,Old,16km,Lift,3997401
4,4,3799,Erode,3,2016,3,Mall,Independent,3925,Renovated,8km,Lift,12674974
5,1,1037,Erode,2,2003,3,College,Independent,2704,New,18km,Pool,3089383
5,4,886,Coimbatore,1,2014,2,School,Independent,3144,Renovated,13km,Pool,3025123
2,1,1869,Coimbatore,4,2010,2,Market,Villa,608,New,4km,Lift,6485276
2,1,2729,Erode,2,2011,3,Mall,Villa,4710,Renovated,3km,Garden,10418667
4,4,1574,Salem,3,2014,2,Hospital,Apartment,1222,Renovated,14km,Pool,4234083
5,1,737,Erode,4,1997,2,Hospital,Independent,1431,Renovated,20km,Gym,2273755
2,2,2917,Chennai,1,1995,1,Hospital,Villa,521,New,16km,Pool,10291774
1,4,1992,Erode,1,2009,3,College,Apartment,2722,Old,2km,Gym,4130630
4,2,3377,Coimbatore,3,1995,0,School,Villa,768,New,9km,Lift,11732425
2,3,976,Madurai,1,2022,1,Market,Villa,907,New,10km,Garden,3446944
1,4,1438,Madurai,4,2016,0,School,Villa,3102,Old,15km,Security,4217150
4,2,2927,Madurai,1,2004,0,College,Independent,4008,Renovated,12km,Pool,9545117
2,2,3758,Coimbatore,1,2021,1,Hospital,Apartment,4589,New,12km,Pool,9283807
1,2,1467,Chennai,3,2011,1,Mall,Villa,1891,Renovated,14km,Gym,5617732
3,2,3436,Trichy,3,2011,2,Market,Apartment,3225,Old,7km,Security,7370443
2,3,2843,Vellore,4,2013,0,Market,Apartment,1085,Old,11km,Security,6069277
2,3,622,Trichy,3,2017,2,Market,Villa,4967,Renovated,12km,Security,2326850
2,4,3826,Salem,2,2014,2,Mall,Villa,2900,New,18km,Pool,13195816
4,2,2053,Trichy,2,2015,1,Market,Apartment,4582,New,14km,Lift,5060828
1,1,2854,Erode,1,2018,0,School,Villa,4909,Old,10km,Gym,8351070
4,3,2443,Erode,2,1996,3,Hospital,Villa,1792,Renovated,9km,Security,9581580
1,1,1865,Salem,1,2018,1,Mall,Apartment,699,Old,9km,Gym,4067804
5,3,1312,Coimbatore,4,2002,3,Market,Villa,3808,Renovated,18km,Security,4903111
1,1,1455,Madurai,2,2020,2,Hospital,Independent,732,Old,19km,Pool,3558251
4,1,1950,Coimbatore,4,2000,1,Hospital,Apartment,3097,Old,10km,Garden,4265173
2,3,1034,Vellore,2,1999,2,Mall,Apartment,3871,New,8km,Lift,2434262
5,2,2263,Coimbatore,1,2011,0,College,Villa,1256,Renovated,1km,Gym,8871329
4,1,2030,Salem,4,2013,3,Mall,Independent,4398,New,15km,Garden,6272029
1,3,2027,Chennai,2,2022,0,College,Independent,3915,New,16km,Pool,6147550
1,3,2276,Erode,4,2003,2,Hospital,Villa,1917,New,14km,Lift,7878564
4,3,1323,Vellore,2,2014,0,Market,Apartment,742,Old,4km,Security,2754739
2,1,3385,Coimbatore,1,2022,1,College,Villa,4410,Old,17km,Pool,10190776
2,3,3942,Chennai,1,2008,3,College,Independent,4742,New,17km,Garden,11825135
1,1,3717,Vellore,2,1999,0,School,Independent,999,Renovated,20km,Lift,12100292
4,2,1321,Madurai,1,2019,0,Market,Villa,3065,Old,4km,Pool,3840663
4,4,3993,Madurai,1,2004,3,Mall,Independent,3565,Renovated,6km,Pool,13024653
3,1,3568,Vellore,2,2018,1,Mall,Independent,4277,New,14km,Gym,10896078
4,2,1922,Salem,2,2011,3,Hospital,Apartment,2782,New,18km,Pool,4865515
5,4,3381,Coimbatore,4,2003,2,College,Independent,4893,Old,17km,Lift,8480944
4,4,818,Erode,2,2019,2,College,Apartment,2469,Old,17km,Gym,1604246
1,2,3982,Trichy,4,2020,3,College,Apartment,4815,Renovated,13km,Lift,11004508
3,3,2438,Salem,3,1999,2,Hospital,Villa,2832,Renovated,6km,Security,9543644
1,3,3733,Salem,1,2004,0,Hospital,Apartment,1588,Renovated,18km,Security,10115086
5,1,3917,Vellore,4,2005,3,Hospital,Apartment,3995,Old,17km,Security,8151832
5,4,2030,Trichy,2,2004,2,School,Apartment,1014,Old,17km,Gym,4368497
3,1,2066,Chennai,3,2022,3,College,Independent,3996,New,18km,Pool,6126457
1,1,3006,Salem,1,2001,2,Hospital,Apartment,1835,Old,14km,Security,6383152
2,3,3198,Vellore,1,2021,3,Hospital,Independent,2509,Old,13km,Security,8227279
3,1,904,Madurai,4,2006,3,College,Independent,4526,New,6km,Garden,2827704
2,1,2422,Vellore,2,2002,2,College,Apartment,3080,Old,17km,Garden,5179163
3,2,1605,Madurai,3,2008,2,Hospital,Independent,2260,Old,10km,Gym,3979343
5,4,674,Vellore,3,2009,0,Market,Villa,1376,Renovated,6km,Security,2701429
1,3,3274,Chennai,1,1995,3,Mall,Apartment,3437,Old,6km,Security,6954324
3,3,696,Chennai,2,2008,3,College,Apartment,4265,Renovated,15km,Garden,2024592
5,2,3063,Vellore,2,1999,3,School,Apartment,2724,Renovated,17km,Lift,8548594
1,2,2706,Salem,3,2011,2,Market,Apartment,3318,New,10km,Pool,6822883
2,2,1255,Erode,3,2014,0,Market,Apartment,1697,Renovated,5km,Gym,3526719
5,2,2499,Chennai,1,2008,2,School,Villa,911,Old,5km,Pool,7511326
2,3,3441,Vellore,2,1997,3,Market,Villa,4636,Renovated,4km,Garden,13411618
3,4,2649,Chennai,3,2010,1,Market,Villa,1933,New,1km,Lift,9310075
2,4,1822,Salem,4,2015,1,School,Independent,3359,New,4km,Garden,5625526
5,1,3653,Madurai,2,1997,0,School,Villa,1044,New,8km,Lift,12969045
2,2,1205,Vellore,2,1997,3,Market,Independent,3436,Old,17km,Garden,3098012
2,2,1784,Vellore,3,2016,1,College,Independent,1031,New,15km,Gym,5236922
3,4,1944,Coimbatore,1,2021,2,Mall,Villa,1339,Renovated,6km,Security,7291941
2,1,3687,Coimbatore,4,2011,0,Market,Villa,1981,Old,9km,Lift,11168713
3,1,2346,Madurai,1,1998,1,School,Apartment,724,Renovated,14km,Lift,6277438
4,1,2032,Salem,1,2007,3,Hospital,Apartment,3517,New,5km,Garden,4969577
1,1,3277,Erode,4,2005,1,Mall,Villa,3462,Old,17km,Pool,9794758
2,4,1229,Trichy,2,2012,2,College,Apartment,2124,Old,10km,Garden,2672285
3,2,2759,Chennai,4,2009,3,Mall,Villa,2376,Renovated,15km,Pool,10584265
3,3,3440,Trichy,4,2006,1,School,Independent,500,Renovated,12km,Gym,11259248
4,2,3119,Vellore,1,2007,3,Hospital,Independent,1470,New,2km,Security,9380509
5,3,2418,Madurai,1,2001,1,Mall,Villa,1271,Renovated,10km,Pool,9154871
2,4,639,Chennai,1,2006,1,College,Apartment,2674,New,6km,Gym,1557631
1,2,1915,Vellore,1,2021,2,Hospital,Apartment,2966,Old,17km,Pool,4111513
3,3,2802,Madurai,3,2019,2,Hospital,Independent,4911,Old,13km,Security,7284253
4,3,618,Coimbatore,2,1998,0,Mall,Apartment,973,Renovated,16km,Lift,1845717
1,4,2015,Erode,1,2013,0,Mall,Villa,3299,New,12km,Gym,7134405
1,3,3825,Trichy,3,2002,3,Market,Villa,3647,Renovated,4km,Security,14801104
3,4,1485,Coimbatore,3,2022,3,Hospital,Apartment,3031,Renovated,20km,Pool,4169037
2,1,3437,Coimbatore,3,2007,3,School,Villa,581,Renovated,4km,Gym,13150640
5,3,2285,Salem,3,2020,0,Hospital,Apartment,552,New,19km,Security,5809691
1,4,3951,Salem,3,2022,0,Mall,Villa,1189,Old,8km,Garden,11730117
2,4,1804,Coimbatore,1,2010,1,Hospital,Apartment,4776,Old,14km,Gym,3988333
4,1,1128,Vellore,3,2004,1,Hospital,Independent,1097,Renovated,17km,Garden,3689269
2,3,1426,Coimbatore,2,2003,1,Hospital,Independent,1628,New,4km,Pool,4387151
1,3,3657,Salem,3,1998,2,College,Villa,940,Old,7km,Security,11046040
1,1,2525,Vellore,2,2015,2,School,Villa,2554,Renovated,6km,Security,9760890
2,2,2348,Chennai,2,2017,0,Hospital,Apartment,4579,Renovated,20km,Gym,6414160
4,4,739,Erode,4,2004,1,School,Villa,592,New,5km,Lift,2452371
5,3,2923,Coimbatore,3,1995,1,Mall,Apartment,4143,Old,14km,Lift,6374143
4,2,3919,Chennai,4,2023,3,Hospital,Villa,1071,Renovated,5km,Garden,15087246
2,4,2278,Madurai,1,1995,2,School,Villa,3980,Old,18km,Lift,6689019
4,1,641,Coimbatore,1,2016,1,Hospital,Independent,4061,Renovated,13km,Pool,2299656
1,4,2647,Coimbatore,4,2015,2,School,Apartment,4490,New,18km,Gym,6799191
2,1,3642,Salem,1,2011,2,Hospital,Independent,4281,New,1km,Gym,10835148
5,3,3697,Madurai,3,2004,3,College,Villa,695,Renovated,20km,Lift,14188998
3,1,2699,Salem,1,2004,1,Market,Independent,3336,New,16km,Pool,8056150
1,3,1249,Chennai,2,2017,2,Hospital,Villa,1011,Renovated,18km,Garden,5004138
4,2,3531,Salem,4,2005,3,Mall,Apartment,1574,Old,13km,Lift,7497542
4,1,2839,Erode,2,1996,1,College,Villa,1395,New,3km,Security,10085840
4,3,3264,Chennai,1,2002,2,School,Villa,4023,Old,12km,Gym,9582642
2,2,625,Chennai,4,2000,0,Mall,Villa,2245,New,17km,Lift,2043104
1,1,3697,Madurai,3,2018,0,College,Apartment,3994,New,9km,Garden,9181655
5,3,2027,Vellore,1,2000,3,School,Apartment,3738,Renovated,15km,Gym,5654713
3,1,1722,Madurai,2,2001,2,Hospital,Apartment,3357,New,15km,Pool,4124442
1,2,2236,Trichy,3,2020,2,School,Apartment,698,Renovated,2km,Lift,6095191
1,3,2129,Madurai,3,2013,3,Hospital,Apartment,4597,Old,2km,Lift,4624936
5,2,2033,Coimbatore,3,2021,2,School,Independent,4282,Old,15km,Security,5324028
5,3,3597,Chennai,2,2001,3,Hospital,Villa,3998,New,3km,Gym,12572543
5,3,2980,Trichy,1,2013,3,Hospital,Apartment,2047,New,8km,Security,7554493
5,4,1387,Salem,1,2012,3,Hospital,Independent,2007,Old,13km,Pool,3691962
5,1,2990,Salem,4,1995,1,School,Independent,639,New,7km,Garden,9003382
3,3,1221,Madurai,1,2005,2,Hospital,Apartment,1904,Old,5km,Gym,2655638
4,1,2604,Trichy,3,2005,0,College,Independent,2926,Old,20km,Gym,6614638
5,2,1051,Erode,3,2019,1,School,Apartment,4597,Renovated,5km,Security,3007671
1,2,994,Coimbatore,3,2015,1,Hospital,Apartment,2675,Renovated,16km,Pool,2639107
2,1,3982,Salem,2,2020,3,School,Independent,655,New,15km,Gym,12140728
3,3,2013,Madurai,4,2005,0,College,Apartment,4346,New,8km,Garden,5142636
4,4,2127,Trichy,3,2008,2,Market,Independent,3437,Old,18km,Gym,5436516
2,4,2944,Chennai,4,2019,2,Mall,Independent,1930,Renovated,14km,Lift,9810675
1,4,2493,Trichy,3,2004,1,Hospital,Villa,905,Renovated,18km,Lift,9793971
2,4,1083,Vellore,1,2000,3,Hospital,Apartment,3036,New,7km,Lift,2707459
1,4,2979,Madurai,2,2016,3,Mall,Independent,997,New,20km,Pool,9033290
1,4,2097,Salem,1,2023,3,School,Villa,1843,Renovated,12km,Gym,8037156
1,2,1935,Salem,4,1997,2,Market,Villa,1020,Old,20km,Pool,5902789
3,4,1638,Trichy,3,2021,0,College,Independent,3152,Renovated,16km,Pool,5472106
2,1,1001,Trichy,1,1998,1,School,Villa,4907,Renovated,9km,Garden,3981853
4,4,1400,Coimbatore,4,2019,0,School,Independent,2048,Old,8km,Garden,3613712
1,1,1421,Chennai,3,2022,2,College,Independent,4845,Old,16km,Gym,3427314
2,3,3715,Salem,1,2007,1,Market,Independent,2530,Renovated,1km,Security,12373634
3,1,667,Chennai,4,2014,2,Mall,Apartment,816,Old,14km,Security,1591164
5,4,2837,Chennai,4,2000,3,Mall,Independent,3546,Old,7km,Pool,7086062
2,4,3349,Madurai,1,2003,3,Mall,Independent,1524,Renovated,15km,Gym,11224813
5,4,955,Trichy,4,2014,1,Hospital,Independent,1733,Old,18km,Pool,2594925
4,2,3850,Trichy,2,2011,3,Hospital,Villa,3661,New,5km,Security,13326817
2,4,1385,Coimbatore,2,2006,1,Market,Apartment,988,New,7km,Pool,3629293
5,1,1462,Madurai,3,2022,1,Mall,Villa,1208,Old,17km,Security,4199102
1,2,3657,Trichy,3,2017,2,College,Independent,4978,Renovated,18km,Garden,11919584
5,2,3735,Salem,4,2000,3,Hospital,Independent,1102,Renovated,17km,Security,12501970
1,1,3605,Chennai,1,1999,3,Hospital,Independent,2095,Old,7km,Security,9202552
4,3,3789,Madurai,2,2019,0,Market,Independent,1343,New,5km,Security,11400989
3,1,1639,Madurai,3,2007,0,Mall,Independent,698,Renovated,16km,Lift,5518511
2,4,3251,Erode,2,2013,0,School,Villa,1195,New,8km,Security,11333083
4,3,1942,Chennai,2,2009,2,Mall,Apartment,4755,Renovated,9km,Lift,5190575
5,1,747,Salem,2,1996,1,Mall,Villa,4081,New,8km,Garden,2580734
2,3,1255,Chennai,1,2012,1,Mall,Apartment,819,Renovated,14km,Lift,3416540
2,3,1289,Vellore,3,2005,3,College,Apartment,3076,Renovated,1km,Garden,3568232
2,3,1441,Trichy,2,2007,2,College,Apartment,4940,Old,15km,Security,3173664
1,2,2694,Madurai,1,1996,0,Mall,Independent,3291,Old,13km,Garden,6862162
5,1,2267,Coimbatore,1,2000,1,College,Independent,3233,New,18km,Security,6804381
2,1,645,Chennai,2,2015,3,Hospital,Independent,4290,Old,6km,Pool,1624477
1,2,2912,Erode,2,2017,2,Hospital,Independent,2482,New,9km,Gym,8930986
2,2,1686,Vellore,3,1995,3,Hospital,Villa,1073,Renovated,4km,Gym,6610392
4,1,1223,Chennai,4,2016,1,Market,Independent,971,Renovated,19km,Lift,4037751
3,1,1841,Trichy,4,2000,3,Market,Independent,4553,Renovated,3km,Lift,6209573
4,2,2835,Trichy,3,2022,1,Mall,Independent,4788,New,1km,Lift,8641689
4,2,1082,Vellore,1,2006,0,Mall,Independent,2662,Old,8km,Garden,2911968
1,4,2354,Vellore,1,2008,1,School,Villa,924,Renovated,17km,Gym,9076929
5,4,1105,Madurai,1,1995,0,School,Villa,3037,Old,11km,Pool,3231819
4,3,1898,Salem,1,2002,3,Market,Apartment,3849,Old,18km,Garden,4222125
2,4,3294,Chennai,1,2017,0,Mall,Villa,1089,Renovated,6km,Garden,12523948
1,4,3044,Chennai,4,2014,3,Hospital,Villa,1430,Renovated,18km,Security,11646652
2,1,2121,Erode,2,2008,2,College,Villa,682,Renovated,6km,Pool,8151522
4,3,1791,Chennai,4,1997,0,College,Apartment,4815,New,18km,Pool,4641207
4,2,1901,Chennai,3,1999,0,Hospital,Independent,4865,Renovated,5km,Gym,6335139
3,2,3499,Coimbatore,3,2011,3,Mall,Apartment,1201,Renovated,13km,Pool,9439956
5,4,3471,Coimbatore,3,1995,3,College,Independent,982,Old,11km,Security,8683832
1,3,1342,Vellore,2,2021,1,Hospital,Apartment,3743,New,12km,Lift,3352449
2,1,897,Erode,3,2009,3,School,Villa,3840,New,8km,Pool,3184719
3,2,2664,Salem,3,2018,2,Market,Villa,3959,New,18km,Security,9150485
2,2,3214,Madurai,1,2002,0,Mall,Apartment,2942,Renovated,18km,Pool,8661345
4,3,2630,Vellore,1,2022,3,College,Apartment,3737,Renovated,7km,Garden,7227285
1,2,2629,Coimbatore,2,2011,0,Mall,Independent,3169,New,6km,Lift,7897343
4,2,3173,Chennai,3,2002,3,College,Independent,4823,New,17km,Garden,9476781
4,1,1704,Vellore,4,2020,1,School,Villa,2643,New,11km,Lift,5771168
1,3,3580,Salem,4,2021,1,Market,Villa,2408,New,4km,Pool,12626201
4,4,881,Vellore,1,1998,0,Mall,Apartment,2873,Old,17km,Gym,1689868
2,2,1910,Coimbatore,2,2023,2,Hospital,Independent,2394,New,8km,Pool,5794142
3,1,772,Madurai,4,2002,1,Mall,Villa,4784,New,6km,Gym,2830444
3,2,3948,Erode,2,2003,1,Market,Apartment,3585,Renovated,20km,Security,11008791
3,4,1783,Chennai,3,2008,2,Hospital,Independent,2668,Old,17km,Pool,4353594
3,4,3345,Chennai,2,2014,0,Mall,Villa,896,Renovated,16km,Pool,13040352
1,3,1611,Salem,1,2013,1,Hospital,Apartment,3828,Old,20km,Gym,3616624
1,1,2412,Salem,4,2016,2,Mall,Independent,636,New,11km,Gym,7094332
4,3,1561,Coimbatore,3,1995,1,Mall,Villa,2425,Old,10km,Lift,4600242
5,4,3729,Coimbatore,4,1998,3,Market,Villa,3203,Renovated,7km,Security,14308343
4,1,2365,Trichy,4,1996,2,Mall,Villa,4242,Old,1km,Pool,6879636
4,4,2923,Erode,1,2021,0,School,Independent,1662,New,13km,Pool,8617641
5,3,933,Vellore,3,2007,3,School,Apartment,2592,Renovated,2km,Security,2754580
5,2,2158,Coimbatore,2,1996,0,School,Apartment,1306,Old,12km,Gym,4446825
2,3,3846,Erode,1,2022,0,Mall,Independent,1796,Old,16km,Pool,9851741
2,3,2574,Erode,3,1999,2,Market,Independent,2399,Renovated,13km,Garden,8626836
3,3,3984,Vellore,3,2009,3,School,Villa,909,New,15km,Garden,13908050
4,4,2828,Chennai,1,2000,0,Market,Apartment,814,New,1km,Pool,7228858
3,2,3886,Chennai,3,1995,0,Market,Villa,4594,Old,7km,Garden,11464003
3,3,1654,Salem,4,2004,2,College,Independent,1292,Renovated,6km,Garden,5430802
3,1,1227,Erode,4,2009,3,Market,Apartment,1533,Old,3km,Garden,2594724
2,4,1705,Trichy,4,2015,2,School,Independent,4923,New,20km,Lift,5018146
1,4,3573,Salem,2,2000,2,School,Villa,2902,New,6km,Pool,12574946
4,4,922,Chennai,1,2013,0,Hospital,Independent,1748,Old,2km,Pool,2429775
2,4,2820,Trichy,1,2006,0,Hospital,Villa,1385,Renovated,13km,Pool,10690160
3,2,1577,Salem,4,2003,2,Mall,Apartment,3812,New,12km,Garden,3842103
1,4,1876,Erode,4,2003,0,College,Independent,1017,Old,4km,Gym,4666237
2,1,2566,Coimbatore,1,2007,2,Mall,Apartment,1983,New,9km,Garden,6558529
3,2,2825,Coimbatore,1,2004,1,Market,Independent,1767,New,17km,Pool,8611545
3,3,2167,Coimbatore,4,2014,1,Hospital,Apartment,951,Renovated,8km,Security,5982613
1,2,2880,Chennai,4,2020,0,School,Apartment,814,Renovated,11km,Garden,7954337
3,3,689,Erode,2,2015,0,School,Apartment,2461,Old,14km,Lift,1653567
4,1,2736,Vellore,1,2004,0,School,Villa,3333,Old,12km,Security,8301059
4,3,1951,Salem,1,2014,0,Market,Independent,3126,New,8km,Security,5874270
5,1,2992,Erode,4,2006,3,School,Independent,2384,Renovated,6km,Garden,9709586
4,3,2899,Vellore,1,2016,0,Mall,Villa,2135,Renovated,5km,Security,11316457
3,1,3641,Vellore,3,2013,2,Market,Apartment,3673,Old,4km,Security,7561606
4,3,1403,Madurai,4,2016,2,College,Villa,3436,Renovated,1km,Security,5327067
4,1,1585,Salem,3,2007,1,School,Villa,4156,Renovated,13km,Security,6218759
5,1,3079,Trichy,3,2013,3,College,Villa,3066,Old,20km,Pool,9136428
5,4,1424,Chennai,1,2019,3,Hospital,Apartment,4592,Old,11km,Gym,2978543
2,2,3519,Vellore,2,2011,1,Mall,Apartment,812,New,18km,Security,8778092
3,3,2783,Madurai,2,1999,2,College,Villa,3498,New,8km,Gym,9876775
4,1,2296,Vellore,3,2002,2,Market,Villa,3150,New,12km,Lift,8098546
3,4,3518,Erode,2,2014,1,Mall,Apartment,2239,Old,15km,Lift,7382500
4,3,2184,Madurai,2,1996,3,School,Villa,4904,Renovated,15km,Gym,8604422
3,1,2167,Erode,4,2009,2,School,Villa,1496,New,19km,Lift,7633485
5,4,3162,Trichy,3,2002,2,Hospital,Apartment,929,New,11km,Security,7902934
4,3,2805,Coimbatore,3,2007,0,School,Villa,3113,Renovated,7km,Gym,10755684
4,2,2221,Chennai,4,2001,2,Mall,Villa,561,New,7km,Lift,7963881
5,2,2703,Coimbatore,3,2012,3,Hospital,Apartment,4733,Old,8km,Lift,5732442
4,1,2452,Madurai,3,2005,1,College,Apartment,1507,Renovated,17km,Lift,6630280
5,4,3562,Madurai,1,2023,2,College,Villa,3558,New,18km,Security,12411852
5,2,1807,Vellore,2,1999,0,College,Villa,1867,Old,18km,Garden,5182039
2,3,2299,Vellore,1,2017,0,Hospital,Apartment,4595,New,12km,Lift,5618620
1,4,1317,Vellore,3,2010,2,Mall,Villa,3832,Renovated,14km,Pool,5061354
5,1,2287,Madurai,3,2016,3,Hospital,Independent,2826,New,5km,Gym,6834282
3,1,2912,Chennai,1,2017,2,Market,Apartment,3805,Old,6km,Security,6086460
2,3,3107,Trichy,1,2010,1,School,Independent,3560,Renovated,4km,Gym,10287084
1,1,3570,Vellore,2,2014,2,Hospital,Apartment,3117,Renovated,5km,Lift,9641016
3,4,2276,Coimbatore,3,1996,2,Market,Independent,3806,Renovated,18km,Pool,7401193
3,4,1001,Erode,1,2002,0,Hospital,Apartment,4598,Renovated,17km,Lift,2663807
4,4,3986,Vellore,3,2021,3,Mall,Villa,3883,Old,9km,Garden,11840118
3,2,2116,Vellore,4,2000,1,College,Independent,736,New,12km,Security,6217338
2,4,1552,Vellore,3,2004,1,School,Independent,2545,Old,13km,Pool,4102183
5,4,829,Chennai,3,2000,3,School,Apartment,1987,New,9km,Lift,2084831
4,3,934,Trichy,2,2016,3,Hospital,Apartment,2014,New,13km,Lift,2355170
5,4,3120,Chennai,3,2008,0,Mall,Apartment,2304,New,3km,Gym,7640147
1,1,1067,Trichy,3,2021,1,Market,Villa,3415,Renovated,15km,Pool,3949361
3,4,2069,Trichy,3,2005,1,College,Independent,2589,Old,8km,Garden,5289212
3,1,969,Vellore,2,2017,3,College,Villa,1179,Renovated,17km,Pool,3815151
5,3,2265,Chennai,4,1995,3,Market,Apartment,3176,Renovated,10km,Garden,6418986
